tconst	title type	primary title	original title	isAdult	start year	end year	runtime minutes	genres	averageRating
tt1027177	movie	Tibetben a lélek	Tibetben a lélek	0	2006	\N	86	Documentary	6
tt10314526	movie	How Are You	How Are You	0	2017	\N	88	"Comedy,Drama"	5.5
tt1039893	movie	Djanta	Djanta	0	2007	\N	106	Drama	6.6
tt10475856	movie	Ganges	Ganges	0	2019	\N	75	Documentary	6.6
tt1058708	movie	Child of the Commune	Communekind	0	2004	\N	50	Documentary	7.4
tt1059286	movie	Les hommes	Les hommes	0	2006	\N	95	Documentary	6.4
tt1066401	movie	Aladin	Aladin	0	1975	\N	90	"Comedy,Drama"	8.1
tt1070429	movie	Sénégallemand	Sénégallemand	0	2007	\N	86	Documentary	6
tt1070859	movie	Sen Staszka w Teheranie	Sen Staszka w Teheranie	0	1993	\N	46	Documentary	5.7
tt10716326	movie	Andre Rieu's 2019 Maastricht Concert - Shall We Dance?	Andre Rieu's 2019 Maastricht Concert - Shall We Dance?	0	2019	\N	145	Music	8.3
tt10768010	movie	Be My Slave	Be My Slave	0	2016	\N	104	Drama	6.6
tt10783390	movie	Arsenal vs Manchester United	Arsenal vs Manchester United	0	2014	\N	90	Sport	5.2
tt10789810	movie	Atletico Madrid vs Real Madrid	Atletico Madrid vs Real Madrid	0	2016	\N	90	Sport	7.7
tt10795566	movie	F.C Internazionale Milano vs Chelsea Football Club	F.C Internazionale Milano vs Chelsea Football Club	0	2010	\N	90	Sport	6.6
tt10795622	movie	Liverpool Football Club vs Fútbol Club Barcelona	Liverpool Football Club vs Fútbol Club Barcelona	0	2019	\N	90	Sport	8.8
tt10795630	movie	Champions League - Semi-Final Tottenham Hotspur vs Ajax	Champions League - Semi-Final Tottenham Hotspur vs Ajax	0	2019	\N	90	Sport	6.5
tt10805086	movie	Real Madrid vs Barcelona	Real Madrid vs Barcelona	0	2015	\N	90	Sport	6.6
tt1082862	movie	The Other Side of Bollywood	The Other Side of Bollywood	0	2006	\N	80	Documentary	5.9
tt10869730	movie	Pagan Peak VR	Pagan Peak VR	0	2019	\N	45	"Horror,Thriller"	8.4
tt10895762	movie	Barcelona vs Arsenal	Barcelona vs Arsenal	0	2011	\N	90	Sport	8
tt10954574	movie	Margaret Atwood: Live in Cinemas	Margaret Atwood: Live in Cinemas	0	2019	\N	110	"Documentary,News"	8
tt10968812	movie	Losing Lerato	Losing Lerato	0	2019	\N	96	Drama	7.5
tt10969382	movie	Luzia: Cirque du Soleil in Cinema	Luzia: Cirque du Soleil in Cinema	0	2019	\N	95	Musical	7.6
tt11024028	movie	Isle of Chimps	Isle of Chimps	0	2019	\N	44	Short	6.4
tt11090136	movie	How to Be: Mark Ronson	How to Be: Mark Ronson	0	2019	\N	109	Documentary	7.5
tt11100434	movie	Wilder vs. Ortiz	Wilder vs. Ortiz	0	2019	\N	270	Sport	7.1
tt11183466	movie	Mya Mya	Mya Mya	0	2020	\N	103	Horror	7.5
tt11242702	movie	Allah Rakha	Allah Rakha	0	1987	\N	177	"Action,Crime,Musical"	4.6
tt1125806	movie	Forbidden Love: The Story of Bronia and Gerhard	Forbidden Love: The Story of Bronia and Gerhard	0	2002	\N	54	Documentary	8.2
tt11313104	movie	"Kemtiyu, Cheikh Anta"	"Kemtiyu, Séex Anta"	0	2016	\N	94	"Biography,Documentary"	8
tt1131725	movie	2k3	2k3	0	2009	\N	84	"Drama,Sci-Fi,Thriller"	6.9
tt11328350	movie	Deus Ex Baryon	Deus Ex Baryon	0	2019	\N	99	"Animation,Sci-Fi"	2.8
tt11394176	movie	The Cost of Silence	The Cost of Silence	0	2020	\N	84	Documentary	9.2
tt11465714	movie	The Golden Age - A Film About Union Carbide Productions	The Golden Age - A Film About Union Carbide Productions	0	2022	\N	69	"Biography,Documentary,Music"	6.6
tt11488856	movie	New Territories	Hecho En Casa	0	2014	\N	78	Documentary	9
tt11560070	movie	André Rieu: 70 Years Young	André Rieu: 70 Years Young	0	2020	\N	154	Music	8.4
tt11696978	movie	2020 Oscar Nominated Short Films: Live Action	2020 Oscar Nominated Short Films: Live Action	0	2020	\N	104	Drama	7.7
tt11696986	movie	2020 Oscar Nominated Short Films: Documentary	2020 Oscar Nominated Short Films: Documentary	0	2020	\N	160	Documentary	7.9
tt1179295	movie	Standing Up	Standing Up	0	2007	\N	160	Documentary	8.3
tt1184981	movie	It's Magic Time	It's Magic Time	0	2002	\N	93	Documentary	8.1
tt11889990	movie	Boys Will Be...	BOYS WILL BE	0	2023	\N	65	"Comedy,Drama"	10
tt11960230	movie	Nick Mason's Saucerful of Secrets: Live at the Roundhouse	Nick Mason's Saucerful of Secrets: Live at the Roundhouse	0	2020	\N	115	Music	8.3
tt12073848	movie	Nomer Odin	Nomer Odin	0	2020	\N	92	"Adventure,Comedy,Crime"	4.8
tt12074122	movie	Very Female Stories	Very Female Stories	0	2020	\N	100	"Comedy,Drama"	6.2
tt12110504	movie	Close Caption	Close Caption	0	2021	\N	110	Comedy	6.9
tt12246812	movie	Smoke Break the Movie	Smoke Break the Movie	0	2016	\N	93	Comedy	9.8
tt12254818	movie	Gallery of God	Vernissage hos Gud	0	2023	\N	93	"Adventure,Comedy,Fantasy"	7.5
tt12256620	movie	Snake 2	Snakes 2	0	2019	\N	90	Adventure	6.7
tt1225680	movie	Love Equation	Love Equation	0	2010	\N	111	Drama	8.9
tt1225731	movie	Seeking Wellness Part Four: Final Project	Seeking Wellness Part Four: Final Project	0	2008	\N	54	Fantasy	8.5
tt12260790	movie	Sith Wars: Episode I - The Return of the Sith	Sith Wars: Episódio I - O Regresso Dos Sith	0	2021	\N	94	"Action,Adventure,Fantasy"	8
tt12262298	movie	The Magus of Messkirch: Martin Heidegger	The Magus of Messkirch: Martin Heidegger	0	1989	\N	59	Documentary	7.2
tt12264022	movie	Jäänsärkijä	Jäänsärkijä	0	2020	\N	69	Documentary	5.9
tt12264398	movie	The Painter	The Painter	0	2020	\N	82	Thriller	8.4
tt12356886	movie	Checklist	Checklist	0	2020	\N	70	Drama	7.5
tt1252588	movie	They Never Learn	They Never Learn	0	1956	\N	47	Crime	4.1
tt12526694	movie	Las letras de Jordi	Las letras de Jordi	0	2019	\N	70	Documentary	7.7
tt12567090	movie	Blokhavn	Blokhavn	0	2020	\N	76	"Animation,Comedy"	5.1
tt12608168	movie	You Married Dat	You Married Dat	0	2022	\N	114	Comedy	8.8
tt12745710	movie	Publish or Perish	Publish or Perish	0	2023	\N	100	Comedy	9.8
tt1284595	movie	Verso est	Verso est	0	2008	\N	70	Drama	7.3
tt13049516	movie	Rose Blood: A Friday the 13th Fan Film	Rose Blood: A Friday the 13th Fan Film	0	2021	\N	92	Horror	7
tt13050748	movie	Avakas	Avakas	0	2020	\N	90	Adventure	7.7
tt13053618	movie	Casting Kill	Casting Kill	0	2023	\N	80	"Drama,Horror,Thriller"	7.8
tt1305619	movie	Miles Davis: Birth of the Cool	Miles Davis: Birth of Cool	0	2019	\N	115	Biography	7.5
tt1318928	movie	Nagini	Nagini	0	1991	\N	130	"Comedy,Romance"	7.7
tt1322374	movie	Shooting Palermo	Shooting Palermo	0	2008	\N	47	Documentary	6.8
tt1329403	movie	The Mind	The Mind	0	2009	\N	117	Horror	6.8
tt1338589	movie	Everyone But You	Everyone But You	0	2008	\N	109	Documentary	6.6
tt13391828	movie	The Ghoul: Horror At The Howling Field	The Ghoul: Horror At The Howling Field	0	2020	\N	112	"Comedy,Horror"	6.6
tt13393874	movie	Estado impuro	Estado impuro	0	2020	\N	142	Drama	5.8
tt13424010	movie	The Last Image	The Last Image	0	2020	\N	70	Documentary	6
tt1352851	movie	Wounded Knee	Wounded Knee	0	2009	\N	74	"Documentary,History"	7.8
tt13580226	movie	"Alexandre Dumas, le Flamboyant"	"Alexandre Dumas, le Flamboyant"	0	2020	\N	52	"Biography,Documentary,History"	6.9
tt13580538	movie	Quarry	Quarry	0	1978	\N	88	Music	7.8
tt13591148	movie	Troe	Troe	0	2020	\N	127	Drama	6.3
tt13665092	movie	Anatomy of Evil	Anatomy of Evil	0	2019	\N	52	Documentary	5.2
tt13665110	movie	Berlin 1945	Berlin 1945	0	2020	\N	52	Documentary	8.3
tt13705684	movie	Chnchik	Chnchik	0	2020	\N	91	Drama	7
tt13727606	movie	Suddenly	Suddenly	0	2022	\N	115	Drama	8.2
tt13992188	movie	House of Cards: Rust	House of Cards: Rust	0	2021	\N	55	"Adventure,Thriller"	9.4
tt14045614	movie	Croc!	Crocodile Vengeance	0	2022	\N	84	"Action,Horror"	2.7
tt14082598	movie	Hitler's Secret Science	Hitler's Secret Science	0	2010	\N	45	Documentary	7.5
tt14246964	movie	The Living Witnesses	The Living Witnesses	0	2021	\N	84	Documentary	7.4
tt14247106	movie	Salad Days	Salad Days	0	2022	\N	46	"Comedy,Drama"	9.8
tt1427044	movie	Gandhara Golam	Gandhara Golam	0	1980	\N	120	Action	8.2
tt14303580	movie	Rebel Objects	Rebel Objects	0	2020	\N	70	Documentary	7.4
tt14389492	movie	Wild Namibia	Namibia's Desert Kingdom	0	2014	\N	53	Documentary	7.8
tt14439088	movie	Into the Light	Into the Light	0	2014	\N	53	Documentary	6.1
tt14485000	movie	Chi ha paura del dottor Kramer?	Chi ha paura del dottor Kramer?	0	2020	\N	81	Comedy	4.4
tt14546614	movie	Curse of Bloody Mary	Summoning Bloody Mary	0	2021	\N	77	Horror	3.2
tt14598938	movie	RiffTrax: Julie and Jack	RiffTrax: Julie and Jack	0	2015	\N	90	"Comedy,Sci-Fi"	6.8
tt1462715	movie	Vanguard	Vanguard	0	2010	\N	84	Action	5.4
tt14648000	movie	Sospeso	Sospeso	0	2022	\N	90	Drama	10
tt1475358	movie	En Kadamai	En Kadamai	0	1964	\N	136	Drama	5.7
tt1475392	movie	Panakkara Kudumbam	Panakkara Kudumbam	0	1964	\N	171	"Drama,Family"	7.6
tt1477099	movie	Thalaivan	Thalaivan	0	1970	\N	135	Drama	7.8
tt14838060	movie	Room 7	Room 7	0	2022	\N	102	Drama	6.5
tt1494608	movie	Abstract	Abstract	0	2006	\N	65	Drama	9
tt15030252	movie	When the Road Ends	When the Road Ends	0	2020	\N	90	Documentary	9.7
tt15040492	movie	Abduction of the Fourth Kind	Abduction of the Fourth Kind	0	2022	\N	92	"Drama,Sci-Fi"	5.9
tt1508256	movie	A Grandpa for Christmas	Dedushka v podarok	0	2009	\N	85	Family	5.7
tt1509143	movie	Mickey B	Mickey B	0	2007	\N	62	"Documentary,Drama"	8
tt1510668	movie	Aggi Veerudu	Aggi Veerudu	0	1969	\N	124	"Action,Adventure,Drama"	7.5
tt15192090	movie	Kili Big	Kili Big	0	2021	\N	89	Documentary	6.6
tt1519638	movie	God Lives in the Himalayas	God Lives in the Himalayas	0	2009	\N	99	Drama	8.8
tt1519639	movie	Herman	Herman	0	2009	\N	84	Drama	5.2
tt15223708	movie	Herbert. Barbarian in the Garden	Herbert. Barbarzynca w ogrodzie	0	2021	\N	95	Documentary	6.1
tt15249740	movie	Margarine	Margarine	0	2021	\N	115	Drama	8.5
tt1528284	movie	Chandmani	Chandmani	0	2009	\N	97	"Documentary,Music"	7.2
tt1530665	movie	Nothing bleeds forever	Nothing bleeds forever	0	2003	\N	75	"Comedy,Horror"	5.6
tt1531017	movie	Silent Shame	Silent Shame	0	2010	\N	87	"Documentary,History,War"	7.4
tt15391140	movie	Every Trick in the Book	Every Trick in the Book	0	2021	\N	119	Mystery	5.9
tt15391274	movie	Dr. Jason	Dr. Jason	0	2022	\N	48	"Action,Horror,Mystery"	7.2
tt15440368	movie	Biabu Chupea: Un Grito en el Silencio	Biabu Chupea: Un Grito en el Silencio	0	2021	\N	82	Documentary	7.4
tt1546987	movie	Henry	Henry	0	2010	\N	45	Drama	7.3
tt1553372	movie	Survival Strength Starting Over	Survival Strength Starting Over	0	2009	\N	85	"Biography,Documentary,Drama"	9.1
tt1553679	movie	Keep Eye on Ball: The Hashim Khan Story	Keep Eye on Ball: The Hashim Khan Story	0	2009	\N	84	"Biography,Documentary"	8.6
tt15577750	movie	Return of Black Monkey	Return of Black Monkey	0	2018	\N	129	Drama	8.7
tt1559324	movie	The Silver Fez	The Silver Fez	0	2009	\N	87	Documentary	8
tt1561361	movie	"Bang, Bang! An American Horror Movie"	"Bang, Bang! An American Horror Movie"	0	2010	\N	50	Thriller	4.5
tt1562270	movie	Baseball Boys	Ye qiu hai zi	0	2008	\N	86	Documentary	7.2
tt1567763	movie	Confliction/Homeland	Confliction/Homeland	0	2005	\N	83	Documentary	8.9
tt15728088	movie	Becoming Sea	Virar Mar/Meer Werden	0	2020	\N	85	Documentary	4.8
tt1578733	movie	The Cover Page	The Cover Page	0	2010	\N	112	"Drama,Family"	6
tt15819744	movie	Torao	Torao	0	2021	\N	97	Drama	6.2
tt1582547	movie	Travelling	Matka	0	2007	\N	77	Documentary	7.5
tt15826376	movie	El sueño de Sigena	El sueño de Sigena	0	2021	\N	106	Documentary	8
tt1583968	movie	Beating the Bomb	Beating the Bomb	0	2010	\N	70	"Documentary,History,War"	7.6
tt1590245	movie	Wonder...	Wonder...	0	2010	\N	74	"Comedy,Drama,Horror"	5.3
tt1599290	movie	Red Cows and Socialist Flags: A Journey Across Emilia	Finché l'Emilia va	0	2009	\N	52	Documentary	8.4
tt1600404	movie	Dreaming Mali	Dreaming Mali	0	2010	\N	80	Documentary	8.2
tt1600771	movie	Mean Parents Suck	Mean Parents Suck	0	2010	\N	90	"Comedy,Crime,Romance"	4.8
tt1600812	movie	One-Eyed Doll: A Rockumentary	One-Eyed Doll: A Rockumentary	0	2010	\N	133	"Documentary,Music"	9
tt1600863	movie	Return to Dwight and Nile: The Crash of PSA Flight 182	Return to Dwight and Nile: The Crash of PSA Flight 182	0	2010	\N	57	"Documentary,History"	8.3
tt1600893	movie	Shoe Store	Shoe Store	0	2008	\N	113	Comedy	6.8
tt1600894	movie	Shooting with Mursi	Shooting with Mursi	0	2009	\N	55	"Action,Adventure,Documentary"	8.6
tt1600922	movie	Summer Trip	Natsu no utage	0	2008	\N	73	Drama	6.8
tt1602031	movie	Bad Memories	Bad Memories	0	2009	\N	79	"Action,Crime,Drama"	6.2
tt1602035	movie	Beer Pong Trilogy	Beer Pong Trilogy	0	2009	\N	48	"Comedy,Drama,Sport"	9.6
tt1605691	movie	Dale and the Laughing Turtle	Dale and the Laughing Turtle	0	2009	\N	46	"Comedy,Drama"	7.9
tt16077750	movie	Ikshu	Ikshu	0	2022	\N	124	"Action,Drama"	7.8
tt1612539	movie	Ajisai no uta	Ajisai no uta	0	1960	\N	106	"Drama,Romance"	6.7
tt1612610	movie	Natural Demise	Natural Demise	0	2010	\N	90	"Horror,Thriller"	8.5
tt1612760	movie	Forajidos de la Patagonia	Forajidos de la Patagonia	0	2014	\N	102	"Action,Comedy,Western"	6.1
tt1613679	movie	A Fight for Survival	A Fight for Survival	0	2010	\N	80	"Adventure,Drama,Thriller"	8.3
tt1613735	movie	"Gulf Stream, a River Under the Ocean"	"Gulf Stream, un fleuve sous la mer"	0	2007	\N	52	Documentary	7.6
tt16138938	movie	Refuge	Refuge	0	2021	\N	78	Documentary	8.2
tt1614347	movie	In My Mind	In My Mind	0	2010	\N	100	"Documentary,History,Music"	5.7
tt1614455	movie	Don't Call Back	Don't Call Back	0	2010	\N	80	"Comedy,Horror,Thriller"	4.9
tt16148568	movie	Kösk-ü Ammar	Kösk-ü Ammar	0	2022	\N	78	"Horror,Mystery"	4.4
tt16148580	movie	Christmas Trees 8	Yolki 8	0	2021	\N	94	"Comedy,Drama,Family"	3.1
tt1614966	movie	Fillbilly	Fillbilly	0	2008	\N	90	Comedy	8
tt1614992	movie	I Want So Much to Live	I Want So Much to Live	0	2009	\N	83	"Documentary,Drama"	9.1
tt16150126	movie	Drug na prodazhu	Drug na prodazhu	0	2021	\N	102	Comedy	4.5
tt1615051	movie	Obama in NC: The Path to History	Obama in NC: The Path to History	0	2010	\N	116	Documentary	1.6
tt1615084	movie	The City	The City	0	2009	\N	72	"Comedy,Drama,Horror"	7.7
tt1615150	movie	The Tommy Movie	The Tommy Movie	0	2016	\N	90	"Comedy,Drama"	4.8
tt1615154	movie	Strummerville	Strummerville	0	2010	\N	54	"Documentary,Music"	8
tt1615451	movie	Healing Neen	Healing Neen	0	2010	\N	55	"Biography,Documentary,Drama"	9
tt16154576	movie	The Mask of Shura of Fire Cloud	The Mask of Shura of Fire Cloud	0	2020	\N	75	Action	6.1
tt1615465	movie	Les dragons n'existent pas	Les dragons n'existent pas	0	2010	\N	45	Documentary	7.6
tt1615466	movie	Love on the Rocks	Love on the Rocks	0	2010	\N	105	Thriller	6
tt1615887	movie	The Subhuman	The Subhuman	0	2010	\N	121	"Action,Crime,Mystery"	6.9
tt1615888	movie	The Wrong Way	The Wrong Way	0	2010	\N	94	Thriller	6.7
tt1615908	movie	Waldo the Dog	Waldo the Dog	0	2010	\N	115	"Comedy,Drama,Romance"	7.3
tt1616094	movie	Caged	Caged	0	2006	\N	95	Drama	2
tt16161526	movie	Doktor Svistok	Doktor Svistok	0	2022	\N	93	Comedy	2
tt16162032	movie	Desperate Shareholders	Otchayannye dolshchiki	0	2022	\N	90	"Comedy,Crime"	4.6
tt1616204	movie	Voice Over	Zad kadar	0	2010	\N	107	Drama	6.7
tt16162172	movie	Boom and Topper: Safari Hunters	Boom and Topper: Safari Hunters	0	2020	\N	141	"Action,Adventure,Animation"	2.9
tt16162830	movie	Ora 7 Jon (THE 7)	Ora 7 Jon (THE 7)	0	2023	\N	170	War	9
tt1616510	movie	Go West Happy Cow	Go West Happy Cow	0	2010	\N	87	"Action,Adventure,Comedy"	8.8
tt1616539	movie	Hunting Park	Loven park	0	2010	\N	75	Drama	5.4
tt1616552	movie	V Parizh!	V Parizh!	0	2009	\N	100	"Crime,Drama"	7.3
tt16169406	movie	Andaman	Andaman	0	2021	\N	120	Drama	8.7
tt1617082	movie	Der mit den Fingern sieht	Der mit den Fingern sieht	0	2010	\N	90	"Biography,Documentary"	6.1
tt1617136	movie	Monster	Monster	0	2010	\N	85	"Action,Adventure,Comedy"	4.8
tt1617190	movie	Small Town Killing	Small Town Killing	0	2010	\N	60	Comedy	7.7
tt1617192	movie	Un si long voyage	Un si long voyage	0	2011	\N	84	"Adventure,Documentary,Drama"	7.7
tt1617200	movie	Stella's War	Stella's War	0	2010	\N	90	"Action,Crime,Thriller"	7.9
tt16175706	movie	He's Into Her: The Movie Cut	He's Into Her: The Movie Cut	0	2021	\N	199	"Comedy,Romance"	8.7
tt16183408	movie	The Silver Vindicator	The Silver Vindicator	0	2021	\N	163	"Action,Drama,Horror"	8.6
tt1619039	movie	Sekretet	Sekretet	0	2008	\N	89	Drama	6.3
tt1619480	movie	Anclados	Anclados	0	2010	\N	90	Documentary	6.5
tt1619598	movie	Alphaville - Inside the Wall	Alphaville - Do Lado de Dentro do Muro	0	2009	\N	54	"Documentary,Drama,Family"	7.1
tt1619647	movie	Eisis	Eisis	0	2010	\N	104	"Drama,Mystery,War"	8.4
tt1619814	movie	Boxing Cuba	Boxing Cuba	0	2010	\N	47	"Documentary,Sport"	6.6
tt1619826	movie	Gaza We Are Coming	Gaza erhomaste	0	2010	\N	49	Documentary	8.6
tt1619887	movie	The Call of the Mountain	To kalesma tou vounou	0	2010	\N	53	Documentary	8.2
tt1620487	movie	Invertebrate	Invertebrate	0	2011	\N	45	Sci-Fi	7.5
tt1620599	movie	Shanghai Blue	Shanghai Blue	0	2010	\N	92	Mystery	6.7
tt1620748	movie	"Geeks and Goblins, Elves and Elliot"	"Geeks and Goblins, Elves and Elliot"	0	2010	\N	90	"Comedy,Family,Fantasy"	6.7
tt1620756	movie	Gone Too Soon	Gone Too Soon	0	2010	\N	88	"Documentary,Music"	4.9
tt1620852	movie	Lanfranchi's Memorial Discotheque	Lanfranchi's Memorial Discotheque	0	2010	\N	53	Documentary	9
tt1620885	movie	Love You Too	Love You Too	0	2010	\N	66	Drama	4.9
tt1622557	movie	Life Goes On	Life Goes On	0	2010	\N	88	"Comedy,Drama,Romance"	3
tt16282914	movie	2nd Chance	2nd Chance	0	2022	\N	89	Documentary	7.1
tt1653129	movie	Zohra: A Moroccan Fairy Tale	Zohra: A Moroccan Fairy Tale	0	2010	\N	71	"Drama,Family,Romance"	7
tt1666621	movie	Two Indians Talking	Two Indians Talking	0	2010	\N	97	"Comedy,Drama"	7.3
tt1667341	movie	Secrets	Secrets	0	2010	\N	96	Drama	5.3
tt1674127	movie	Afghanistan	Afghanistan	0	2010	\N	110	"Adventure,Documentary,History"	8.1
tt1684552	movie	Running Among the Clouds	Davidan dar mian abr-ha	0	2010	\N	76	Drama	6.4
tt1686899	movie	Cinematherapy	Cinematerapie	0	2010	\N	108	Documentary	6.5
tt1703839	movie	The People You Know	The People You Know	0	2010	\N	77	"Comedy,Drama"	7.4
tt1704181	movie	New York Decalogue	New York Decalogue	0	2011	\N	80	Drama	7.6
tt1714888	movie	Prosti - proshchay	Prosti - proshchay	0	1980	\N	70	Drama	6.2
tt1718820	movie	In the Shadows of Casablanca	Les ombres de Casablanca	0	2009	\N	85	Documentary	6.3
tt1719029	movie	Taistelu joesta	Taistelu joesta	0	2010	\N	60	Documentary	6.7
tt1719543	movie	Night and Day	Night and Day	0	2010	\N	48	Drama	6.8
tt1719590	movie	Portrait of Resistance	Portrait of Resistance	0	2011	\N	90	"Biography,Documentary"	8.8
tt1726668	movie	Khleb detstva moyego	Khleb detstva moyego	0	1977	\N	71	War	7.4
tt1726703	movie	Neotkrytye ostrova	Neotkrytye ostrova	0	1974	\N	62	Family	7
tt1726715	movie	Parashuty na derevyakh	Parashuty na derevyakh	0	1973	\N	129	War	6
tt17507324	movie	Manasagide	Manasagide	0	2022	\N	135	"Mystery,Romance"	7
tt1753945	movie	Il pozzo: Voci d'acqua dall'Etiopia	Il pozzo: Voci d'acqua dall'Etiopia	0	2013	\N	56	"Adventure,Documentary"	7.1
tt1754476	movie	Senioritis	Senioritis	0	2011	\N	54	"Comedy,Drama,Romance"	6.9
tt17832886	movie	Generation C	Generation C	0	2022	\N	50	Documentary	7.6
tt1784632	movie	Someday...	Someday...	0	2013	\N	120	"Drama,Family,Musical"	7.6
tt1787770	movie	Nessuna speranza nessuna paura	Nessuna speranza nessuna paura	0	2010	\N	84	"Documentary,Music"	5.9
tt1789746	movie	Divizionz	Divizionz	0	2007	\N	89	Drama	6.6
tt1808140	movie	Fotografen från Riga	Fotografen från Riga	0	2009	\N	58	Documentary	6.8
tt1808365	movie	One Foot in the Gutter	One Foot in the Gutter	0	2011	\N	92	"Comedy,Drama"	7.6
tt1808663	movie	Western Armenia: Lost Motherland	Western Armenia: Lost Motherland	0	2007	\N	124	Documentary	6.5
tt1810680	movie	Wounded Palms	Les palmiers blessés	0	2010	\N	105	"Drama,History"	9.2
tt18182234	movie	Chu Lay Aasman	Chu Lay Aasman	0	2022	\N	120	Romance	8.1
tt1825853	movie	Ascent to the Sky	La montée au ciel	0	2010	\N	52	Documentary	7.9
tt18372080	movie	The World Cruzer	The World Cruzer	0	2022	\N	105	Documentary	10
tt1849786	movie	Jing tian dong di	Jing tian dong di	0	2009	\N	101	"Action,Drama"	3.7
tt1852071	movie	Political Dress	Political Dress	0	2011	\N	62	Documentary	8.9
tt1870384	movie	Enero	Enero	0	2011	\N	70	Drama	5.4
tt1871191	movie	1000 Kings	1000 Könige	0	2019	\N	90	"Fantasy,Sci-Fi"	6.1
tt1881015	movie	Moose on the Loose	Moose on the Loose	0	2014	\N	102	"Adventure,Comedy"	7.8
tt1906512	movie	War Is Over?	War Is Over?	0	2003	\N	57	Documentary	6.7
tt1935890	movie	Spirit Gum	Spirit Gum	0	2011	\N	55	"Animation,Comedy,Fantasy"	7.4
tt1954763	movie	Purple Sail	Purple Sail	0	2011	\N	95	"Drama,Mystery,Romance"	7.2
tt19718808	movie	Sonic Fantasy	Sonic Fantasy	0	2022	\N	97	Documentary	8.6
tt1972645	movie	Don't Tread on Me	Don't Tread on Me	0	2010	\N	94	"Documentary,History,News"	6.2
tt19732254	movie	The Forest Is Dreadful	The Forest Is Dreadful	0	2022	\N	51	Horror	7.7
tt19801270	movie	Music Pictures: New Orleans	Music Pictures: New Orleans	0	2022	\N	72	"Documentary,Music"	8.8
tt19845076	movie	American Immigrants	American Immigrants	0	2022	\N	60	Documentary	10
tt2004433	movie	Wops the Movie	Wops the Movie	0	2011	\N	88	"Comedy,Crime"	7.1
tt2008479	movie	Caffe Auschwitz	Caffe Auschwitz	0	2011	\N	75	"Documentary,Drama,History"	6.1
tt2008534	movie	Hong Gil-dong 2084	Hong Gil-dong 2084	0	2011	\N	85	"Adventure,Animation"	5.1
tt20159034	movie	Codename: Amsterdam	Codename: Amsterdam	0	2022	\N	137	Comedy	9.7
tt20189870	movie	The Secret Life of the Cruise	The Secret Life of the Cruise	0	2018	\N	66	Documentary	7
tt20259156	movie	Piano Dreams	Piano Dreams	0	2022	\N	85	"Documentary,Music"	6.6
tt2076339	movie	Solitær	Solitær	0	2010	\N	60	"Drama,Mystery,Romance"	7.7
tt20768698	movie	Pelas estradas do teatro levando cidadania	Pelas estradas do teatro levando cidadania	0	2014	\N	69	Documentary	9.8
tt20770780	movie	From Segregation to Justice	From Segregation to Justice	0	2022	\N	52	Biography	9.5
tt2078714	movie	Rize N Grind	Rize N Grind	0	2011	\N	60	"Documentary,Music"	5.4
tt2082463	movie	The Last Shamans	The Last Shamans	0	2007	\N	58	Documentary	8.8
tt2082518	movie	[S]comparse	[S]comparse	0	2011	\N	62	"Documentary,Drama"	8.8
tt2085818	movie	Icon Eye	Icon Eye	0	2011	\N	58	"Documentary,Music"	6.7
tt2086826	movie	Watch Indian Circus	Dekh Indian Circus	0	2011	\N	101	Drama	7.7
tt2087829	movie	Jung on Film	Jung on Film	0	1957	\N	77	Documentary	7.5
tt2093222	movie	Shaapa	Shaapa	0	2001	\N	135	Drama	7.7
tt21034768	movie	Red Under Wraps	Red Under Wraps	0	2022	\N	57	"Drama,Mystery,Thriller"	8.2
tt2109211	movie	Stories from Lakka Beach	Stories from Lakka Beach	0	2011	\N	77	Documentary	7.6
tt21237628	movie	The Shamima Begum Story	The Shamima Begum Story	0	2023	\N	89	Documentary	7.2
tt21295412	movie	A Home from Home	Aireul Wihan Ai	0	2022	\N	96	Drama	5
tt2147331	movie	Hollywood a GoGo	Hollywood a GoGo	0	2012	\N	60	"Comedy,Music"	4.8
tt2154654	movie	Madam Butterfly 3D	Madam Butterfly 3D	0	2012	\N	170	Music	7.9
tt21614670	movie	RiffTrax: Ator the Fighting Eagle	RiffTrax: Ator the Fighting Eagle	0	2017	\N	98	Comedy	7.8
tt2162579	movie	Bill Evans Trio: The Oslo Concerts	Bill Evans Trio: The Oslo Concerts	0	2007	\N	74	Music	7.8
tt2164648	movie	Chefu	Chefu	0	2012	\N	100	"Comedy,Romance"	5.7
tt2176039	movie	Woodstock in Timbuktu	Woodstock in Timbuktu	0	2013	\N	90	Documentary	7.5
tt2190251	movie	Restricted Sensation	Draudziami jausmai	0	2011	\N	46	Drama	4.8
tt22023208	movie	Broken Molds	Broken Molds	0	2021	\N	71	Documentary	5.4
tt2203941	movie	Veden peili	Veden peili	0	2012	\N	102	Drama	5.3
tt2215239	movie	Last Ride on the Midwest Pacific	Last Ride on the Midwest Pacific	0	2011	\N	90	"Drama,Family"	7.6
tt2221952	movie	Kayan Beauties	Kayan Beauties	0	2012	\N	93	Drama	7.8
tt2235555	movie	If I Can't Have You...	If I Can't Have You...	0	2010	\N	72	"Horror,Thriller"	4.8
tt2244843	movie	Europe's Last Dictator	Europe's Last Dictator	0	2012	\N	55	Documentary	6.2
tt2246553	movie	Adana: Grief of the Certainty That I Will Kill Myself	Adana: Grief of the Certainty That I Will Kill Myself	0	2011	\N	54	"Drama,Fantasy,Mystery"	4.8
tt2254246	movie	Beethoven for All	Beethoven for All	0	2012	\N	56	"Documentary,Music"	5.8
tt2259338	movie	Ultimate Guide: Dolphins	Ultimate Guide: Dolphins	0	2001	\N	45	Documentary	6.7
tt2261919	movie	Once Forgotten	Once Forgotten	0	2012	\N	80	Drama	8.4
tt2273621	movie	The Runner	The Runner	0	2017	\N	93	Sport	7
tt2279261	movie	Shadows of Love	Shadows of Love	0	2012	\N	90	"Drama,Romance"	5.1
tt2316761	movie	Leap	Hyppy	0	2012	\N	81	Documentary	5
tt2317726	movie	The Rising Light	The Rising Light	0	2013	\N	52	"Drama,Fantasy,Sci-Fi"	7
tt2319785	movie	Bonus Features: The Night Brings Charlie	Bonus Features: The Night Brings Charlie	0	1990	\N	57	Horror	8.5
tt2323788	movie	Antifascist Attitude	Antifascist Attitude	0	2008	\N	76	Documentary	8.2
tt2328787	movie	The Kampala Story	The Kampala Story	0	2012	\N	60	Drama	5.3
tt2333736	movie	The Village Virgin	Perawan Desa	0	1978	\N	98	Drama	7.7
tt2334570	movie	The Barbed-wire Fence	Pagar Kawat Berduri	0	1961	\N	140	Drama	7.1
tt2393711	movie	Alien Protocol	Alien Protocol	0	2013	\N	89	"Drama,Sci-Fi"	5.2
tt2403938	movie	Out of the Woods: Life and Death in Dirty Dave's Homeless Camp	Out of the Woods: Life and Death in Dirty Dave's Homeless Camp	0	2012	\N	94	"Crime,Documentary,Drama"	8.5
tt2409608	movie	Waiting to Die	Waiting to Die	0	2012	\N	55	"Adventure,Drama,Horror"	7.2
tt2412928	movie	Kingdom of Animal	Kingdom of Animal	0	2012	\N	72	"Documentary,Mystery"	8.4
tt24638018	movie	Tao xue shen tan	Tao xue shen tan	0	2022	\N	101	"Action,Comedy,Crime"	7.1
tt2464056	movie	Mardi Gras.BB: A Silent Rockumentary	Mardi Gras.BB: A Silent Rockumentary	0	2012	\N	52	Documentary	6.5
tt2464358	movie	Running on Empty	Running on Empty	0	2012	\N	82	"Action,Thriller"	8.3
tt24655230	movie	College road	College road	0	2022	\N	124	Crime	9.3
tt24659894	movie	Morality is Goodness	Morality is Goodness	0	2022	\N	82	Documentary	9.8
tt2466418	movie	The OG Girls	The OG Girls	0	2012	\N	94	"Comedy,Thriller"	7.2
tt2466422	movie	Skvis	Skvis	0	2012	\N	75	Romance	6.1
tt2466510	movie	The Backpack	The Backpack	0	2012	\N	48	"Crime,Drama,Thriller"	9.1
tt2467370	movie	Split Second	Split Second	0	2012	\N	83	Drama	8.6
tt2467634	movie	Everywhere But Here	Everywhere But Here	0	2013	\N	45	Drama	7.7
tt2468890	movie	Shoggoth	Shoggoth	0	2012	\N	63	Horror	6.8
tt2470060	movie	House on Rodeo Gulch	House on Rodeo Gulch	0	2018	\N	95	"Comedy,Drama,Thriller"	6.2
tt2470832	movie	The Lost Choices	The Lost Choices	0	2014	\N	104	Drama	7.8
tt2471442	movie	Loitolla	Loitolla	0	2012	\N	105	"Drama,Thriller"	7.7
tt2471538	movie	Together	Together	0	2012	\N	85	"Drama,Thriller"	6.2
tt2471660	movie	The Milagro Man: The Irrepressible Multicultural Life and Literary Times of John Nichols	The Milagro Man: The Irrepressible Multicultural Life and Literary Times of John Nichols	0	2012	\N	78	"Biography,Documentary"	8.5
tt2472510	movie	Lost in Hustle	Lost in Hustle	0	2012	\N	115	"Action,Crime,Drama"	5.2
tt2472754	movie	Unutursun Diye	Unutursun Diye	0	1986	\N	74	"Drama,Romance"	2.2
tt2473076	movie	Haiti Untold	Haiti Untold	0	2012	\N	78	"Documentary,News"	6.5
tt2473310	movie	U2 Brothr	U2 Brothr	0	2014	\N	85	"Adventure,Biography,Documentary"	8.8
tt2473526	movie	G.N.A.R.	G.N.A.R.	0	2011	\N	69	Comedy	8.3
tt2473614	movie	Blood! Sugar! Sid! Ace!	Blood! Sugar! Sid! Ace!	0	2012	\N	73	"Comedy,Drama"	6.4
tt2473806	movie	Cast the First Stone	Cast the First Stone	0	2013	\N	93	"Crime,Documentary,Drama"	9.2
tt2475886	movie	Twice	Twice	0	2020	\N	93	"Drama,Family,Romance"	8.2
tt2476170	movie	Broken Notes	Broken Notes	0	2008	\N	97	"Drama,Horror,Mystery"	6.3
tt2476428	movie	Çapkin Kizlar	Çapkin Kizlar	0	1975	\N	81	Comedy	3.4
tt24764602	movie	The Secret Weapon	The Secret Weapon	0	2021	\N	90	"Action,Drama"	5.3
tt24771126	movie	Mitt livs hotell	Mitt livs hotell	0	2022	\N	48	Documentary	6.3
tt2477178	movie	Hitch	Hitch	0	2012	\N	70	Drama	7.2
tt2477878	movie	Saboba	Sabbubah	0	2012	\N	78	"Action,Crime,Drama"	3.2
tt2478010	movie	One Step Ahead	Ena vima brosta	0	2012	\N	126	"Biography,Documentary"	7.9
tt2478280	movie	20 Days in Tibet	20 dana na Tibetu	0	2012	\N	71	Documentary	7
tt2478492	movie	Um Homem Diabólico	Um Homem Diabólico	0	1988	\N	100	Action	5.2
tt24787160	movie	Khapakhap	Khapakhap	0	2022	\N	125	Comedy	6.4
tt2478994	movie	Lone Walker	Lone Walker	0	2013	\N	45	"Drama,Horror"	2.7
tt2479040	movie	An Incident in San Ysidro	An Incident in San Ysidro	0	2013	\N	82	Drama	7.5
tt2480476	movie	Jalkapallomaa	Jalkapallomaa	0	2013	\N	45	Documentary	7.8